split,img_path,sem_path,inst_path
train,data/A1/plant001_rgb.png,data/A1/plant001_fg.png,data/A1/plant001_label.png
train,data/A1/plant005_rgb.png,data/A1/plant005_fg.png,data/A1/plant005_label.png
train,data/A1/plant006_rgb.png,data/A1/plant006_fg.png,data/A1/plant006_label.png
train,data/A1/plant007_rgb.png,data/A1/plant007_fg.png,data/A1/plant007_label.png
train,data/A1/plant008_rgb.png,data/A1/plant008_fg.png,data/A1/plant008_label.png
train,data/A1/plant010_rgb.png,data/A1/plant010_fg.png,data/A1/plant010_label.png
train,data/A1/plant011_rgb.png,data/A1/plant011_fg.png,data/A1/plant011_label.png
train,data/A1/plant012_rgb.png,data/A1/plant012_fg.png,data/A1/plant012_label.png
train,data/A1/plant013_rgb.png,data/A1/plant013_fg.png,data/A1/plant013_label.png
train,data/A1/plant016_rgb.png,data/A1/plant016_fg.png,data/A1/plant016_label.png
train,data/A1/plant017_rgb.png,data/A1/plant017_fg.png,data/A1/plant017_label.png
train,data/A1/plant018_rgb.png,data/A1/plant018_fg.png,data/A1/plant018_label.png
train,data/A1/plant020_rgb.png,data/A1/plant020_fg.png,data/A1/plant020_label.png
train,data/A1/plant021_rgb.png,data/A1/plant021_fg.png,data/A1/plant021_label.png
train,data/A1/plant022_rgb.png,data/A1/plant022_fg.png,data/A1/plant022_label.png
train,data/A1/plant024_rgb.png,data/A1/plant024_fg.png,data/A1/plant024_label.png
train,data/A1/plant026_rgb.png,data/A1/plant026_fg.png,data/A1/plant026_label.png
train,data/A1/plant027_rgb.png,data/A1/plant027_fg.png,data/A1/plant027_label.png
train,data/A1/plant029_rgb.png,data/A1/plant029_fg.png,data/A1/plant029_label.png
train,data/A1/plant030_rgb.png,data/A1/plant030_fg.png,data/A1/plant030_label.png
train,data/A1/plant031_rgb.png,data/A1/plant031_fg.png,data/A1/plant031_label.png
train,data/A1/plant032_rgb.png,data/A1/plant032_fg.png,data/A1/plant032_label.png
train,data/A1/plant033_rgb.png,data/A1/plant033_fg.png,data/A1/plant033_label.png
train,data/A1/plant035_rgb.png,data/A1/plant035_fg.png,data/A1/plant035_label.png
train,data/A1/plant036_rgb.png,data/A1/plant036_fg.png,data/A1/plant036_label.png
train,data/A1/plant037_rgb.png,data/A1/plant037_fg.png,data/A1/plant037_label.png
train,data/A1/plant038_rgb.png,data/A1/plant038_fg.png,data/A1/plant038_label.png
train,data/A1/plant039_rgb.png,data/A1/plant039_fg.png,data/A1/plant039_label.png
train,data/A1/plant040_rgb.png,data/A1/plant040_fg.png,data/A1/plant040_label.png
train,data/A1/plant042_rgb.png,data/A1/plant042_fg.png,data/A1/plant042_label.png
train,data/A1/plant043_rgb.png,data/A1/plant043_fg.png,data/A1/plant043_label.png
train,data/A1/plant044_rgb.png,data/A1/plant044_fg.png,data/A1/plant044_label.png
train,data/A1/plant045_rgb.png,data/A1/plant045_fg.png,data/A1/plant045_label.png
train,data/A1/plant046_rgb.png,data/A1/plant046_fg.png,data/A1/plant046_label.png
train,data/A1/plant047_rgb.png,data/A1/plant047_fg.png,data/A1/plant047_label.png
train,data/A1/plant048_rgb.png,data/A1/plant048_fg.png,data/A1/plant048_label.png
train,data/A1/plant050_rgb.png,data/A1/plant050_fg.png,data/A1/plant050_label.png
train,data/A1/plant051_rgb.png,data/A1/plant051_fg.png,data/A1/plant051_label.png
train,data/A1/plant052_rgb.png,data/A1/plant052_fg.png,data/A1/plant052_label.png
train,data/A1/plant053_rgb.png,data/A1/plant053_fg.png,data/A1/plant053_label.png
train,data/A1/plant054_rgb.png,data/A1/plant054_fg.png,data/A1/plant054_label.png
train,data/A1/plant055_rgb.png,data/A1/plant055_fg.png,data/A1/plant055_label.png
train,data/A1/plant057_rgb.png,data/A1/plant057_fg.png,data/A1/plant057_label.png
train,data/A1/plant058_rgb.png,data/A1/plant058_fg.png,data/A1/plant058_label.png
train,data/A1/plant059_rgb.png,data/A1/plant059_fg.png,data/A1/plant059_label.png
train,data/A1/plant062_rgb.png,data/A1/plant062_fg.png,data/A1/plant062_label.png
train,data/A1/plant063_rgb.png,data/A1/plant063_fg.png,data/A1/plant063_label.png
train,data/A1/plant064_rgb.png,data/A1/plant064_fg.png,data/A1/plant064_label.png
train,data/A1/plant065_rgb.png,data/A1/plant065_fg.png,data/A1/plant065_label.png
train,data/A1/plant067_rgb.png,data/A1/plant067_fg.png,data/A1/plant067_label.png
train,data/A1/plant068_rgb.png,data/A1/plant068_fg.png,data/A1/plant068_label.png
train,data/A1/plant069_rgb.png,data/A1/plant069_fg.png,data/A1/plant069_label.png
train,data/A1/plant070_rgb.png,data/A1/plant070_fg.png,data/A1/plant070_label.png
train,data/A1/plant071_rgb.png,data/A1/plant071_fg.png,data/A1/plant071_label.png
train,data/A1/plant072_rgb.png,data/A1/plant072_fg.png,data/A1/plant072_label.png
train,data/A1/plant076_rgb.png,data/A1/plant076_fg.png,data/A1/plant076_label.png
train,data/A1/plant077_rgb.png,data/A1/plant077_fg.png,data/A1/plant077_label.png
train,data/A1/plant078_rgb.png,data/A1/plant078_fg.png,data/A1/plant078_label.png
train,data/A1/plant082_rgb.png,data/A1/plant082_fg.png,data/A1/plant082_label.png
train,data/A1/plant083_rgb.png,data/A1/plant083_fg.png,data/A1/plant083_label.png
train,data/A1/plant084_rgb.png,data/A1/plant084_fg.png,data/A1/plant084_label.png
train,data/A1/plant085_rgb.png,data/A1/plant085_fg.png,data/A1/plant085_label.png
train,data/A1/plant086_rgb.png,data/A1/plant086_fg.png,data/A1/plant086_label.png
train,data/A1/plant088_rgb.png,data/A1/plant088_fg.png,data/A1/plant088_label.png
train,data/A1/plant089_rgb.png,data/A1/plant089_fg.png,data/A1/plant089_label.png
train,data/A1/plant090_rgb.png,data/A1/plant090_fg.png,data/A1/plant090_label.png
train,data/A1/plant091_rgb.png,data/A1/plant091_fg.png,data/A1/plant091_label.png
train,data/A1/plant092_rgb.png,data/A1/plant092_fg.png,data/A1/plant092_label.png
train,data/A1/plant094_rgb.png,data/A1/plant094_fg.png,data/A1/plant094_label.png
train,data/A1/plant096_rgb.png,data/A1/plant096_fg.png,data/A1/plant096_label.png
train,data/A1/plant098_rgb.png,data/A1/plant098_fg.png,data/A1/plant098_label.png
train,data/A1/plant099_rgb.png,data/A1/plant099_fg.png,data/A1/plant099_label.png
train,data/A1/plant101_rgb.png,data/A1/plant101_fg.png,data/A1/plant101_label.png
train,data/A1/plant102_rgb.png,data/A1/plant102_fg.png,data/A1/plant102_label.png
train,data/A1/plant104_rgb.png,data/A1/plant104_fg.png,data/A1/plant104_label.png
train,data/A1/plant105_rgb.png,data/A1/plant105_fg.png,data/A1/plant105_label.png
train,data/A1/plant106_rgb.png,data/A1/plant106_fg.png,data/A1/plant106_label.png
train,data/A1/plant107_rgb.png,data/A1/plant107_fg.png,data/A1/plant107_label.png
train,data/A1/plant108_rgb.png,data/A1/plant108_fg.png,data/A1/plant108_label.png
train,data/A1/plant109_rgb.png,data/A1/plant109_fg.png,data/A1/plant109_label.png
train,data/A1/plant110_rgb.png,data/A1/plant110_fg.png,data/A1/plant110_label.png
train,data/A1/plant113_rgb.png,data/A1/plant113_fg.png,data/A1/plant113_label.png
train,data/A1/plant114_rgb.png,data/A1/plant114_fg.png,data/A1/plant114_label.png
train,data/A1/plant115_rgb.png,data/A1/plant115_fg.png,data/A1/plant115_label.png
train,data/A1/plant116_rgb.png,data/A1/plant116_fg.png,data/A1/plant116_label.png
train,data/A1/plant118_rgb.png,data/A1/plant118_fg.png,data/A1/plant118_label.png
train,data/A1/plant119_rgb.png,data/A1/plant119_fg.png,data/A1/plant119_label.png
train,data/A1/plant120_rgb.png,data/A1/plant120_fg.png,data/A1/plant120_label.png
train,data/A1/plant121_rgb.png,data/A1/plant121_fg.png,data/A1/plant121_label.png
train,data/A1/plant123_rgb.png,data/A1/plant123_fg.png,data/A1/plant123_label.png
train,data/A1/plant124_rgb.png,data/A1/plant124_fg.png,data/A1/plant124_label.png
train,data/A1/plant126_rgb.png,data/A1/plant126_fg.png,data/A1/plant126_label.png
train,data/A1/plant128_rgb.png,data/A1/plant128_fg.png,data/A1/plant128_label.png
train,data/A1/plant129_rgb.png,data/A1/plant129_fg.png,data/A1/plant129_label.png
train,data/A1/plant130_rgb.png,data/A1/plant130_fg.png,data/A1/plant130_label.png
train,data/A1/plant134_rgb.png,data/A1/plant134_fg.png,data/A1/plant134_label.png
train,data/A1/plant135_rgb.png,data/A1/plant135_fg.png,data/A1/plant135_label.png
train,data/A1/plant137_rgb.png,data/A1/plant137_fg.png,data/A1/plant137_label.png
train,data/A1/plant138_rgb.png,data/A1/plant138_fg.png,data/A1/plant138_label.png
train,data/A1/plant139_rgb.png,data/A1/plant139_fg.png,data/A1/plant139_label.png
train,data/A1/plant144_rgb.png,data/A1/plant144_fg.png,data/A1/plant144_label.png
train,data/A1/plant145_rgb.png,data/A1/plant145_fg.png,data/A1/plant145_label.png
train,data/A1/plant146_rgb.png,data/A1/plant146_fg.png,data/A1/plant146_label.png
train,data/A1/plant147_rgb.png,data/A1/plant147_fg.png,data/A1/plant147_label.png
train,data/A1/plant148_rgb.png,data/A1/plant148_fg.png,data/A1/plant148_label.png
train,data/A1/plant149_rgb.png,data/A1/plant149_fg.png,data/A1/plant149_label.png
train,data/A1/plant151_rgb.png,data/A1/plant151_fg.png,data/A1/plant151_label.png
train,data/A1/plant152_rgb.png,data/A1/plant152_fg.png,data/A1/plant152_label.png
train,data/A1/plant153_rgb.png,data/A1/plant153_fg.png,data/A1/plant153_label.png
train,data/A1/plant154_rgb.png,data/A1/plant154_fg.png,data/A1/plant154_label.png
train,data/A1/plant156_rgb.png,data/A1/plant156_fg.png,data/A1/plant156_label.png
train,data/A1/plant159_rgb.png,data/A1/plant159_fg.png,data/A1/plant159_label.png
train,data/A1/plant161_rgb.png,data/A1/plant161_fg.png,data/A1/plant161_label.png
train,data/A2/plant001_rgb.png,data/A2/plant001_fg.png,data/A2/plant001_label.png
train,data/A2/plant003_rgb.png,data/A2/plant003_fg.png,data/A2/plant003_label.png
train,data/A2/plant004_rgb.png,data/A2/plant004_fg.png,data/A2/plant004_label.png
train,data/A2/plant006_rgb.png,data/A2/plant006_fg.png,data/A2/plant006_label.png
train,data/A2/plant007_rgb.png,data/A2/plant007_fg.png,data/A2/plant007_label.png
train,data/A2/plant008_rgb.png,data/A2/plant008_fg.png,data/A2/plant008_label.png
train,data/A2/plant009_rgb.png,data/A2/plant009_fg.png,data/A2/plant009_label.png
train,data/A2/plant011_rgb.png,data/A2/plant011_fg.png,data/A2/plant011_label.png
train,data/A2/plant012_rgb.png,data/A2/plant012_fg.png,data/A2/plant012_label.png
train,data/A2/plant014_rgb.png,data/A2/plant014_fg.png,data/A2/plant014_label.png
train,data/A2/plant016_rgb.png,data/A2/plant016_fg.png,data/A2/plant016_label.png
train,data/A2/plant017_rgb.png,data/A2/plant017_fg.png,data/A2/plant017_label.png
train,data/A2/plant018_rgb.png,data/A2/plant018_fg.png,data/A2/plant018_label.png
train,data/A2/plant019_rgb.png,data/A2/plant019_fg.png,data/A2/plant019_label.png
train,data/A2/plant021_rgb.png,data/A2/plant021_fg.png,data/A2/plant021_label.png
train,data/A2/plant022_rgb.png,data/A2/plant022_fg.png,data/A2/plant022_label.png
train,data/A2/plant023_rgb.png,data/A2/plant023_fg.png,data/A2/plant023_label.png
train,data/A2/plant024_rgb.png,data/A2/plant024_fg.png,data/A2/plant024_label.png
train,data/A2/plant026_rgb.png,data/A2/plant026_fg.png,data/A2/plant026_label.png
train,data/A2/plant027_rgb.png,data/A2/plant027_fg.png,data/A2/plant027_label.png
train,data/A2/plant028_rgb.png,data/A2/plant028_fg.png,data/A2/plant028_label.png
train,data/A2/plant029_rgb.png,data/A2/plant029_fg.png,data/A2/plant029_label.png
train,data/A2/plant032_rgb.png,data/A2/plant032_fg.png,data/A2/plant032_label.png
train,data/A2/plant034_rgb.png,data/A2/plant034_fg.png,data/A2/plant034_label.png
train,data/A2/plant036_rgb.png,data/A2/plant036_fg.png,data/A2/plant036_label.png
train,data/A2/plant037_rgb.png,data/A2/plant037_fg.png,data/A2/plant037_label.png
train,data/A2/plant038_rgb.png,data/A2/plant038_fg.png,data/A2/plant038_label.png
train,data/A2/plant039_rgb.png,data/A2/plant039_fg.png,data/A2/plant039_label.png
train,data/A3/plant002_rgb.png,data/A3/plant002_fg.png,data/A3/plant002_label.png
train,data/A3/plant003_rgb.png,data/A3/plant003_fg.png,data/A3/plant003_label.png
train,data/A3/plant004_rgb.png,data/A3/plant004_fg.png,data/A3/plant004_label.png
train,data/A3/plant007_rgb.png,data/A3/plant007_fg.png,data/A3/plant007_label.png
train,data/A3/plant008_rgb.png,data/A3/plant008_fg.png,data/A3/plant008_label.png
train,data/A3/plant009_rgb.png,data/A3/plant009_fg.png,data/A3/plant009_label.png
train,data/A3/plant010_rgb.png,data/A3/plant010_fg.png,data/A3/plant010_label.png
train,data/A3/plant011_rgb.png,data/A3/plant011_fg.png,data/A3/plant011_label.png
train,data/A3/plant012_rgb.png,data/A3/plant012_fg.png,data/A3/plant012_label.png
train,data/A3/plant013_rgb.png,data/A3/plant013_fg.png,data/A3/plant013_label.png
train,data/A3/plant014_rgb.png,data/A3/plant014_fg.png,data/A3/plant014_label.png
train,data/A3/plant015_rgb.png,data/A3/plant015_fg.png,data/A3/plant015_label.png
train,data/A3/plant016_rgb.png,data/A3/plant016_fg.png,data/A3/plant016_label.png
train,data/A3/plant017_rgb.png,data/A3/plant017_fg.png,data/A3/plant017_label.png
train,data/A3/plant018_rgb.png,data/A3/plant018_fg.png,data/A3/plant018_label.png
train,data/A3/plant019_rgb.png,data/A3/plant019_fg.png,data/A3/plant019_label.png
train,data/A3/plant020_rgb.png,data/A3/plant020_fg.png,data/A3/plant020_label.png
train,data/A3/plant021_rgb.png,data/A3/plant021_fg.png,data/A3/plant021_label.png
train,data/A3/plant022_rgb.png,data/A3/plant022_fg.png,data/A3/plant022_label.png
train,data/A3/plant023_rgb.png,data/A3/plant023_fg.png,data/A3/plant023_label.png
train,data/A3/plant024_rgb.png,data/A3/plant024_fg.png,data/A3/plant024_label.png
train,data/A3/plant025_rgb.png,data/A3/plant025_fg.png,data/A3/plant025_label.png
train,data/A3/plant026_rgb.png,data/A3/plant026_fg.png,data/A3/plant026_label.png
train,data/A3/plant027_rgb.png,data/A3/plant027_fg.png,data/A3/plant027_label.png
train,data/A4/plant0001_rgb.png,data/A4/plant0001_fg.png,data/A4/plant0001_label.png
train,data/A4/plant0002_rgb.png,data/A4/plant0002_fg.png,data/A4/plant0002_label.png
train,data/A4/plant0003_rgb.png,data/A4/plant0003_fg.png,data/A4/plant0003_label.png
train,data/A4/plant0004_rgb.png,data/A4/plant0004_fg.png,data/A4/plant0004_label.png
train,data/A4/plant0005_rgb.png,data/A4/plant0005_fg.png,data/A4/plant0005_label.png
train,data/A4/plant0006_rgb.png,data/A4/plant0006_fg.png,data/A4/plant0006_label.png
train,data/A4/plant0007_rgb.png,data/A4/plant0007_fg.png,data/A4/plant0007_label.png
train,data/A4/plant0008_rgb.png,data/A4/plant0008_fg.png,data/A4/plant0008_label.png
train,data/A4/plant0010_rgb.png,data/A4/plant0010_fg.png,data/A4/plant0010_label.png
train,data/A4/plant0011_rgb.png,data/A4/plant0011_fg.png,data/A4/plant0011_label.png
train,data/A4/plant0012_rgb.png,data/A4/plant0012_fg.png,data/A4/plant0012_label.png
train,data/A4/plant0013_rgb.png,data/A4/plant0013_fg.png,data/A4/plant0013_label.png
train,data/A4/plant0014_rgb.png,data/A4/plant0014_fg.png,data/A4/plant0014_label.png
train,data/A4/plant0015_rgb.png,data/A4/plant0015_fg.png,data/A4/plant0015_label.png
train,data/A4/plant0016_rgb.png,data/A4/plant0016_fg.png,data/A4/plant0016_label.png
train,data/A4/plant0018_rgb.png,data/A4/plant0018_fg.png,data/A4/plant0018_label.png
train,data/A4/plant0021_rgb.png,data/A4/plant0021_fg.png,data/A4/plant0021_label.png
train,data/A4/plant0022_rgb.png,data/A4/plant0022_fg.png,data/A4/plant0022_label.png
train,data/A4/plant0023_rgb.png,data/A4/plant0023_fg.png,data/A4/plant0023_label.png
train,data/A4/plant0024_rgb.png,data/A4/plant0024_fg.png,data/A4/plant0024_label.png
train,data/A4/plant0025_rgb.png,data/A4/plant0025_fg.png,data/A4/plant0025_label.png
train,data/A4/plant0026_rgb.png,data/A4/plant0026_fg.png,data/A4/plant0026_label.png
train,data/A4/plant0027_rgb.png,data/A4/plant0027_fg.png,data/A4/plant0027_label.png
train,data/A4/plant0028_rgb.png,data/A4/plant0028_fg.png,data/A4/plant0028_label.png
train,data/A4/plant0029_rgb.png,data/A4/plant0029_fg.png,data/A4/plant0029_label.png
train,data/A4/plant0030_rgb.png,data/A4/plant0030_fg.png,data/A4/plant0030_label.png
train,data/A4/plant0031_rgb.png,data/A4/plant0031_fg.png,data/A4/plant0031_label.png
train,data/A4/plant0032_rgb.png,data/A4/plant0032_fg.png,data/A4/plant0032_label.png
train,data/A4/plant0034_rgb.png,data/A4/plant0034_fg.png,data/A4/plant0034_label.png
train,data/A4/plant0035_rgb.png,data/A4/plant0035_fg.png,data/A4/plant0035_label.png
train,data/A4/plant0036_rgb.png,data/A4/plant0036_fg.png,data/A4/plant0036_label.png
train,data/A4/plant0037_rgb.png,data/A4/plant0037_fg.png,data/A4/plant0037_label.png
train,data/A4/plant0039_rgb.png,data/A4/plant0039_fg.png,data/A4/plant0039_label.png
train,data/A4/plant0040_rgb.png,data/A4/plant0040_fg.png,data/A4/plant0040_label.png
train,data/A4/plant0041_rgb.png,data/A4/plant0041_fg.png,data/A4/plant0041_label.png
train,data/A4/plant0042_rgb.png,data/A4/plant0042_fg.png,data/A4/plant0042_label.png
train,data/A4/plant0043_rgb.png,data/A4/plant0043_fg.png,data/A4/plant0043_label.png
train,data/A4/plant0044_rgb.png,data/A4/plant0044_fg.png,data/A4/plant0044_label.png
train,data/A4/plant0045_rgb.png,data/A4/plant0045_fg.png,data/A4/plant0045_label.png
train,data/A4/plant0046_rgb.png,data/A4/plant0046_fg.png,data/A4/plant0046_label.png
train,data/A4/plant0047_rgb.png,data/A4/plant0047_fg.png,data/A4/plant0047_label.png
train,data/A4/plant0049_rgb.png,data/A4/plant0049_fg.png,data/A4/plant0049_label.png
train,data/A4/plant0050_rgb.png,data/A4/plant0050_fg.png,data/A4/plant0050_label.png
train,data/A4/plant0051_rgb.png,data/A4/plant0051_fg.png,data/A4/plant0051_label.png
train,data/A4/plant0052_rgb.png,data/A4/plant0052_fg.png,data/A4/plant0052_label.png
train,data/A4/plant0053_rgb.png,data/A4/plant0053_fg.png,data/A4/plant0053_label.png
train,data/A4/plant0054_rgb.png,data/A4/plant0054_fg.png,data/A4/plant0054_label.png
train,data/A4/plant0055_rgb.png,data/A4/plant0055_fg.png,data/A4/plant0055_label.png
train,data/A4/plant0056_rgb.png,data/A4/plant0056_fg.png,data/A4/plant0056_label.png
train,data/A4/plant0057_rgb.png,data/A4/plant0057_fg.png,data/A4/plant0057_label.png
train,data/A4/plant0058_rgb.png,data/A4/plant0058_fg.png,data/A4/plant0058_label.png
train,data/A4/plant0059_rgb.png,data/A4/plant0059_fg.png,data/A4/plant0059_label.png
train,data/A4/plant0060_rgb.png,data/A4/plant0060_fg.png,data/A4/plant0060_label.png
train,data/A4/plant0061_rgb.png,data/A4/plant0061_fg.png,data/A4/plant0061_label.png
train,data/A4/plant0062_rgb.png,data/A4/plant0062_fg.png,data/A4/plant0062_label.png
train,data/A4/plant0063_rgb.png,data/A4/plant0063_fg.png,data/A4/plant0063_label.png
train,data/A4/plant0064_rgb.png,data/A4/plant0064_fg.png,data/A4/plant0064_label.png
train,data/A4/plant0065_rgb.png,data/A4/plant0065_fg.png,data/A4/plant0065_label.png
train,data/A4/plant0066_rgb.png,data/A4/plant0066_fg.png,data/A4/plant0066_label.png
train,data/A4/plant0067_rgb.png,data/A4/plant0067_fg.png,data/A4/plant0067_label.png
train,data/A4/plant0068_rgb.png,data/A4/plant0068_fg.png,data/A4/plant0068_label.png
train,data/A4/plant0070_rgb.png,data/A4/plant0070_fg.png,data/A4/plant0070_label.png
train,data/A4/plant0072_rgb.png,data/A4/plant0072_fg.png,data/A4/plant0072_label.png
train,data/A4/plant0073_rgb.png,data/A4/plant0073_fg.png,data/A4/plant0073_label.png
train,data/A4/plant0075_rgb.png,data/A4/plant0075_fg.png,data/A4/plant0075_label.png
train,data/A4/plant0076_rgb.png,data/A4/plant0076_fg.png,data/A4/plant0076_label.png
train,data/A4/plant0077_rgb.png,data/A4/plant0077_fg.png,data/A4/plant0077_label.png
train,data/A4/plant0078_rgb.png,data/A4/plant0078_fg.png,data/A4/plant0078_label.png
train,data/A4/plant0079_rgb.png,data/A4/plant0079_fg.png,data/A4/plant0079_label.png
train,data/A4/plant0080_rgb.png,data/A4/plant0080_fg.png,data/A4/plant0080_label.png
train,data/A4/plant0081_rgb.png,data/A4/plant0081_fg.png,data/A4/plant0081_label.png
train,data/A4/plant0082_rgb.png,data/A4/plant0082_fg.png,data/A4/plant0082_label.png
train,data/A4/plant0083_rgb.png,data/A4/plant0083_fg.png,data/A4/plant0083_label.png
train,data/A4/plant0084_rgb.png,data/A4/plant0084_fg.png,data/A4/plant0084_label.png
train,data/A4/plant0085_rgb.png,data/A4/plant0085_fg.png,data/A4/plant0085_label.png
train,data/A4/plant0086_rgb.png,data/A4/plant0086_fg.png,data/A4/plant0086_label.png
train,data/A4/plant0088_rgb.png,data/A4/plant0088_fg.png,data/A4/plant0088_label.png
train,data/A4/plant0089_rgb.png,data/A4/plant0089_fg.png,data/A4/plant0089_label.png
train,data/A4/plant0090_rgb.png,data/A4/plant0090_fg.png,data/A4/plant0090_label.png
train,data/A4/plant0091_rgb.png,data/A4/plant0091_fg.png,data/A4/plant0091_label.png
train,data/A4/plant0092_rgb.png,data/A4/plant0092_fg.png,data/A4/plant0092_label.png
train,data/A4/plant0093_rgb.png,data/A4/plant0093_fg.png,data/A4/plant0093_label.png
train,data/A4/plant0095_rgb.png,data/A4/plant0095_fg.png,data/A4/plant0095_label.png
train,data/A4/plant0096_rgb.png,data/A4/plant0096_fg.png,data/A4/plant0096_label.png
train,data/A4/plant0097_rgb.png,data/A4/plant0097_fg.png,data/A4/plant0097_label.png
train,data/A4/plant0098_rgb.png,data/A4/plant0098_fg.png,data/A4/plant0098_label.png
train,data/A4/plant0099_rgb.png,data/A4/plant0099_fg.png,data/A4/plant0099_label.png
train,data/A4/plant0100_rgb.png,data/A4/plant0100_fg.png,data/A4/plant0100_label.png
train,data/A4/plant0101_rgb.png,data/A4/plant0101_fg.png,data/A4/plant0101_label.png
train,data/A4/plant0102_rgb.png,data/A4/plant0102_fg.png,data/A4/plant0102_label.png
train,data/A4/plant0103_rgb.png,data/A4/plant0103_fg.png,data/A4/plant0103_label.png
train,data/A4/plant0104_rgb.png,data/A4/plant0104_fg.png,data/A4/plant0104_label.png
train,data/A4/plant0105_rgb.png,data/A4/plant0105_fg.png,data/A4/plant0105_label.png
train,data/A4/plant0106_rgb.png,data/A4/plant0106_fg.png,data/A4/plant0106_label.png
train,data/A4/plant0107_rgb.png,data/A4/plant0107_fg.png,data/A4/plant0107_label.png
train,data/A4/plant0108_rgb.png,data/A4/plant0108_fg.png,data/A4/plant0108_label.png
train,data/A4/plant0109_rgb.png,data/A4/plant0109_fg.png,data/A4/plant0109_label.png
train,data/A4/plant0110_rgb.png,data/A4/plant0110_fg.png,data/A4/plant0110_label.png
train,data/A4/plant0111_rgb.png,data/A4/plant0111_fg.png,data/A4/plant0111_label.png
train,data/A4/plant0112_rgb.png,data/A4/plant0112_fg.png,data/A4/plant0112_label.png
train,data/A4/plant0113_rgb.png,data/A4/plant0113_fg.png,data/A4/plant0113_label.png
train,data/A4/plant0114_rgb.png,data/A4/plant0114_fg.png,data/A4/plant0114_label.png
train,data/A4/plant0115_rgb.png,data/A4/plant0115_fg.png,data/A4/plant0115_label.png
train,data/A4/plant0116_rgb.png,data/A4/plant0116_fg.png,data/A4/plant0116_label.png
train,data/A4/plant0117_rgb.png,data/A4/plant0117_fg.png,data/A4/plant0117_label.png
train,data/A4/plant0118_rgb.png,data/A4/plant0118_fg.png,data/A4/plant0118_label.png
train,data/A4/plant0120_rgb.png,data/A4/plant0120_fg.png,data/A4/plant0120_label.png
train,data/A4/plant0121_rgb.png,data/A4/plant0121_fg.png,data/A4/plant0121_label.png
train,data/A4/plant0122_rgb.png,data/A4/plant0122_fg.png,data/A4/plant0122_label.png
train,data/A4/plant0123_rgb.png,data/A4/plant0123_fg.png,data/A4/plant0123_label.png
train,data/A4/plant0124_rgb.png,data/A4/plant0124_fg.png,data/A4/plant0124_label.png
train,data/A4/plant0125_rgb.png,data/A4/plant0125_fg.png,data/A4/plant0125_label.png
train,data/A4/plant0126_rgb.png,data/A4/plant0126_fg.png,data/A4/plant0126_label.png
train,data/A4/plant0127_rgb.png,data/A4/plant0127_fg.png,data/A4/plant0127_label.png
train,data/A4/plant0128_rgb.png,data/A4/plant0128_fg.png,data/A4/plant0128_label.png
train,data/A4/plant0129_rgb.png,data/A4/plant0129_fg.png,data/A4/plant0129_label.png
train,data/A4/plant0130_rgb.png,data/A4/plant0130_fg.png,data/A4/plant0130_label.png
train,data/A4/plant0131_rgb.png,data/A4/plant0131_fg.png,data/A4/plant0131_label.png
train,data/A4/plant0132_rgb.png,data/A4/plant0132_fg.png,data/A4/plant0132_label.png
train,data/A4/plant0133_rgb.png,data/A4/plant0133_fg.png,data/A4/plant0133_label.png
train,data/A4/plant0134_rgb.png,data/A4/plant0134_fg.png,data/A4/plant0134_label.png
train,data/A4/plant0135_rgb.png,data/A4/plant0135_fg.png,data/A4/plant0135_label.png
train,data/A4/plant0136_rgb.png,data/A4/plant0136_fg.png,data/A4/plant0136_label.png
train,data/A4/plant0137_rgb.png,data/A4/plant0137_fg.png,data/A4/plant0137_label.png
train,data/A4/plant0139_rgb.png,data/A4/plant0139_fg.png,data/A4/plant0139_label.png
train,data/A4/plant0140_rgb.png,data/A4/plant0140_fg.png,data/A4/plant0140_label.png
train,data/A4/plant0141_rgb.png,data/A4/plant0141_fg.png,data/A4/plant0141_label.png
train,data/A4/plant0142_rgb.png,data/A4/plant0142_fg.png,data/A4/plant0142_label.png
train,data/A4/plant0143_rgb.png,data/A4/plant0143_fg.png,data/A4/plant0143_label.png
train,data/A4/plant0144_rgb.png,data/A4/plant0144_fg.png,data/A4/plant0144_label.png
train,data/A4/plant0145_rgb.png,data/A4/plant0145_fg.png,data/A4/plant0145_label.png
train,data/A4/plant0146_rgb.png,data/A4/plant0146_fg.png,data/A4/plant0146_label.png
train,data/A4/plant0147_rgb.png,data/A4/plant0147_fg.png,data/A4/plant0147_label.png
train,data/A4/plant0148_rgb.png,data/A4/plant0148_fg.png,data/A4/plant0148_label.png
train,data/A4/plant0149_rgb.png,data/A4/plant0149_fg.png,data/A4/plant0149_label.png
train,data/A4/plant0150_rgb.png,data/A4/plant0150_fg.png,data/A4/plant0150_label.png
train,data/A4/plant0151_rgb.png,data/A4/plant0151_fg.png,data/A4/plant0151_label.png
train,data/A4/plant0152_rgb.png,data/A4/plant0152_fg.png,data/A4/plant0152_label.png
train,data/A4/plant0153_rgb.png,data/A4/plant0153_fg.png,data/A4/plant0153_label.png
train,data/A4/plant0154_rgb.png,data/A4/plant0154_fg.png,data/A4/plant0154_label.png
train,data/A4/plant0155_rgb.png,data/A4/plant0155_fg.png,data/A4/plant0155_label.png
train,data/A4/plant0157_rgb.png,data/A4/plant0157_fg.png,data/A4/plant0157_label.png
train,data/A4/plant0158_rgb.png,data/A4/plant0158_fg.png,data/A4/plant0158_label.png
train,data/A4/plant0159_rgb.png,data/A4/plant0159_fg.png,data/A4/plant0159_label.png
train,data/A4/plant0160_rgb.png,data/A4/plant0160_fg.png,data/A4/plant0160_label.png
train,data/A4/plant0161_rgb.png,data/A4/plant0161_fg.png,data/A4/plant0161_label.png
train,data/A4/plant0162_rgb.png,data/A4/plant0162_fg.png,data/A4/plant0162_label.png
train,data/A4/plant0163_rgb.png,data/A4/plant0163_fg.png,data/A4/plant0163_label.png
train,data/A4/plant0165_rgb.png,data/A4/plant0165_fg.png,data/A4/plant0165_label.png
train,data/A4/plant0166_rgb.png,data/A4/plant0166_fg.png,data/A4/plant0166_label.png
train,data/A4/plant0168_rgb.png,data/A4/plant0168_fg.png,data/A4/plant0168_label.png
train,data/A4/plant0169_rgb.png,data/A4/plant0169_fg.png,data/A4/plant0169_label.png
train,data/A4/plant0170_rgb.png,data/A4/plant0170_fg.png,data/A4/plant0170_label.png
train,data/A4/plant0171_rgb.png,data/A4/plant0171_fg.png,data/A4/plant0171_label.png
train,data/A4/plant0172_rgb.png,data/A4/plant0172_fg.png,data/A4/plant0172_label.png
train,data/A4/plant0173_rgb.png,data/A4/plant0173_fg.png,data/A4/plant0173_label.png
train,data/A4/plant0174_rgb.png,data/A4/plant0174_fg.png,data/A4/plant0174_label.png
train,data/A4/plant0176_rgb.png,data/A4/plant0176_fg.png,data/A4/plant0176_label.png
train,data/A4/plant0177_rgb.png,data/A4/plant0177_fg.png,data/A4/plant0177_label.png
train,data/A4/plant0178_rgb.png,data/A4/plant0178_fg.png,data/A4/plant0178_label.png
train,data/A4/plant0180_rgb.png,data/A4/plant0180_fg.png,data/A4/plant0180_label.png
train,data/A4/plant0182_rgb.png,data/A4/plant0182_fg.png,data/A4/plant0182_label.png
train,data/A4/plant0183_rgb.png,data/A4/plant0183_fg.png,data/A4/plant0183_label.png
train,data/A4/plant0184_rgb.png,data/A4/plant0184_fg.png,data/A4/plant0184_label.png
train,data/A4/plant0185_rgb.png,data/A4/plant0185_fg.png,data/A4/plant0185_label.png
train,data/A4/plant0186_rgb.png,data/A4/plant0186_fg.png,data/A4/plant0186_label.png
train,data/A4/plant0187_rgb.png,data/A4/plant0187_fg.png,data/A4/plant0187_label.png
train,data/A4/plant0188_rgb.png,data/A4/plant0188_fg.png,data/A4/plant0188_label.png
train,data/A4/plant0189_rgb.png,data/A4/plant0189_fg.png,data/A4/plant0189_label.png
train,data/A4/plant0190_rgb.png,data/A4/plant0190_fg.png,data/A4/plant0190_label.png
train,data/A4/plant0191_rgb.png,data/A4/plant0191_fg.png,data/A4/plant0191_label.png
train,data/A4/plant0192_rgb.png,data/A4/plant0192_fg.png,data/A4/plant0192_label.png
train,data/A4/plant0193_rgb.png,data/A4/plant0193_fg.png,data/A4/plant0193_label.png
train,data/A4/plant0194_rgb.png,data/A4/plant0194_fg.png,data/A4/plant0194_label.png
train,data/A4/plant0195_rgb.png,data/A4/plant0195_fg.png,data/A4/plant0195_label.png
train,data/A4/plant0196_rgb.png,data/A4/plant0196_fg.png,data/A4/plant0196_label.png
train,data/A4/plant0197_rgb.png,data/A4/plant0197_fg.png,data/A4/plant0197_label.png
train,data/A4/plant0198_rgb.png,data/A4/plant0198_fg.png,data/A4/plant0198_label.png
train,data/A4/plant0199_rgb.png,data/A4/plant0199_fg.png,data/A4/plant0199_label.png
train,data/A4/plant0200_rgb.png,data/A4/plant0200_fg.png,data/A4/plant0200_label.png
train,data/A4/plant0201_rgb.png,data/A4/plant0201_fg.png,data/A4/plant0201_label.png
train,data/A4/plant0202_rgb.png,data/A4/plant0202_fg.png,data/A4/plant0202_label.png
train,data/A4/plant0203_rgb.png,data/A4/plant0203_fg.png,data/A4/plant0203_label.png
train,data/A4/plant0204_rgb.png,data/A4/plant0204_fg.png,data/A4/plant0204_label.png
train,data/A4/plant0205_rgb.png,data/A4/plant0205_fg.png,data/A4/plant0205_label.png
train,data/A4/plant0206_rgb.png,data/A4/plant0206_fg.png,data/A4/plant0206_label.png
train,data/A4/plant0207_rgb.png,data/A4/plant0207_fg.png,data/A4/plant0207_label.png
train,data/A4/plant0208_rgb.png,data/A4/plant0208_fg.png,data/A4/plant0208_label.png
train,data/A4/plant0209_rgb.png,data/A4/plant0209_fg.png,data/A4/plant0209_label.png
train,data/A4/plant0210_rgb.png,data/A4/plant0210_fg.png,data/A4/plant0210_label.png
train,data/A4/plant0211_rgb.png,data/A4/plant0211_fg.png,data/A4/plant0211_label.png
train,data/A4/plant0212_rgb.png,data/A4/plant0212_fg.png,data/A4/plant0212_label.png
train,data/A4/plant0213_rgb.png,data/A4/plant0213_fg.png,data/A4/plant0213_label.png
train,data/A4/plant0214_rgb.png,data/A4/plant0214_fg.png,data/A4/plant0214_label.png
train,data/A4/plant0215_rgb.png,data/A4/plant0215_fg.png,data/A4/plant0215_label.png
train,data/A4/plant0216_rgb.png,data/A4/plant0216_fg.png,data/A4/plant0216_label.png
train,data/A4/plant0217_rgb.png,data/A4/plant0217_fg.png,data/A4/plant0217_label.png
train,data/A4/plant0218_rgb.png,data/A4/plant0218_fg.png,data/A4/plant0218_label.png
train,data/A4/plant0219_rgb.png,data/A4/plant0219_fg.png,data/A4/plant0219_label.png
train,data/A4/plant0220_rgb.png,data/A4/plant0220_fg.png,data/A4/plant0220_label.png
train,data/A4/plant0221_rgb.png,data/A4/plant0221_fg.png,data/A4/plant0221_label.png
train,data/A4/plant0222_rgb.png,data/A4/plant0222_fg.png,data/A4/plant0222_label.png
train,data/A4/plant0224_rgb.png,data/A4/plant0224_fg.png,data/A4/plant0224_label.png
train,data/A4/plant0225_rgb.png,data/A4/plant0225_fg.png,data/A4/plant0225_label.png
train,data/A4/plant0226_rgb.png,data/A4/plant0226_fg.png,data/A4/plant0226_label.png
train,data/A4/plant0228_rgb.png,data/A4/plant0228_fg.png,data/A4/plant0228_label.png
train,data/A4/plant0229_rgb.png,data/A4/plant0229_fg.png,data/A4/plant0229_label.png
train,data/A4/plant0230_rgb.png,data/A4/plant0230_fg.png,data/A4/plant0230_label.png
train,data/A4/plant0231_rgb.png,data/A4/plant0231_fg.png,data/A4/plant0231_label.png
train,data/A4/plant0232_rgb.png,data/A4/plant0232_fg.png,data/A4/plant0232_label.png
train,data/A4/plant0233_rgb.png,data/A4/plant0233_fg.png,data/A4/plant0233_label.png
train,data/A4/plant0234_rgb.png,data/A4/plant0234_fg.png,data/A4/plant0234_label.png
train,data/A4/plant0235_rgb.png,data/A4/plant0235_fg.png,data/A4/plant0235_label.png
train,data/A4/plant0236_rgb.png,data/A4/plant0236_fg.png,data/A4/plant0236_label.png
train,data/A4/plant0237_rgb.png,data/A4/plant0237_fg.png,data/A4/plant0237_label.png
train,data/A4/plant0238_rgb.png,data/A4/plant0238_fg.png,data/A4/plant0238_label.png
train,data/A4/plant0239_rgb.png,data/A4/plant0239_fg.png,data/A4/plant0239_label.png
train,data/A4/plant0240_rgb.png,data/A4/plant0240_fg.png,data/A4/plant0240_label.png
train,data/A4/plant0241_rgb.png,data/A4/plant0241_fg.png,data/A4/plant0241_label.png
train,data/A4/plant0243_rgb.png,data/A4/plant0243_fg.png,data/A4/plant0243_label.png
train,data/A4/plant0244_rgb.png,data/A4/plant0244_fg.png,data/A4/plant0244_label.png
train,data/A4/plant0245_rgb.png,data/A4/plant0245_fg.png,data/A4/plant0245_label.png
train,data/A4/plant0246_rgb.png,data/A4/plant0246_fg.png,data/A4/plant0246_label.png
train,data/A4/plant0248_rgb.png,data/A4/plant0248_fg.png,data/A4/plant0248_label.png
train,data/A4/plant0251_rgb.png,data/A4/plant0251_fg.png,data/A4/plant0251_label.png
train,data/A4/plant0252_rgb.png,data/A4/plant0252_fg.png,data/A4/plant0252_label.png
train,data/A4/plant0253_rgb.png,data/A4/plant0253_fg.png,data/A4/plant0253_label.png
train,data/A4/plant0254_rgb.png,data/A4/plant0254_fg.png,data/A4/plant0254_label.png
train,data/A4/plant0255_rgb.png,data/A4/plant0255_fg.png,data/A4/plant0255_label.png
train,data/A4/plant0256_rgb.png,data/A4/plant0256_fg.png,data/A4/plant0256_label.png
train,data/A4/plant0257_rgb.png,data/A4/plant0257_fg.png,data/A4/plant0257_label.png
train,data/A4/plant0259_rgb.png,data/A4/plant0259_fg.png,data/A4/plant0259_label.png
train,data/A4/plant0261_rgb.png,data/A4/plant0261_fg.png,data/A4/plant0261_label.png
train,data/A4/plant0262_rgb.png,data/A4/plant0262_fg.png,data/A4/plant0262_label.png
train,data/A4/plant0263_rgb.png,data/A4/plant0263_fg.png,data/A4/plant0263_label.png
train,data/A4/plant0265_rgb.png,data/A4/plant0265_fg.png,data/A4/plant0265_label.png
train,data/A4/plant0266_rgb.png,data/A4/plant0266_fg.png,data/A4/plant0266_label.png
train,data/A4/plant0267_rgb.png,data/A4/plant0267_fg.png,data/A4/plant0267_label.png
train,data/A4/plant0268_rgb.png,data/A4/plant0268_fg.png,data/A4/plant0268_label.png
train,data/A4/plant0269_rgb.png,data/A4/plant0269_fg.png,data/A4/plant0269_label.png
train,data/A4/plant0271_rgb.png,data/A4/plant0271_fg.png,data/A4/plant0271_label.png
train,data/A4/plant0272_rgb.png,data/A4/plant0272_fg.png,data/A4/plant0272_label.png
train,data/A4/plant0273_rgb.png,data/A4/plant0273_fg.png,data/A4/plant0273_label.png
train,data/A4/plant0274_rgb.png,data/A4/plant0274_fg.png,data/A4/plant0274_label.png
train,data/A4/plant0275_rgb.png,data/A4/plant0275_fg.png,data/A4/plant0275_label.png
train,data/A4/plant0278_rgb.png,data/A4/plant0278_fg.png,data/A4/plant0278_label.png
train,data/A4/plant0281_rgb.png,data/A4/plant0281_fg.png,data/A4/plant0281_label.png
train,data/A4/plant0282_rgb.png,data/A4/plant0282_fg.png,data/A4/plant0282_label.png
train,data/A4/plant0283_rgb.png,data/A4/plant0283_fg.png,data/A4/plant0283_label.png
train,data/A4/plant0284_rgb.png,data/A4/plant0284_fg.png,data/A4/plant0284_label.png
train,data/A4/plant0285_rgb.png,data/A4/plant0285_fg.png,data/A4/plant0285_label.png
train,data/A4/plant0287_rgb.png,data/A4/plant0287_fg.png,data/A4/plant0287_label.png
train,data/A4/plant0288_rgb.png,data/A4/plant0288_fg.png,data/A4/plant0288_label.png
train,data/A4/plant0289_rgb.png,data/A4/plant0289_fg.png,data/A4/plant0289_label.png
train,data/A4/plant0291_rgb.png,data/A4/plant0291_fg.png,data/A4/plant0291_label.png
train,data/A4/plant0294_rgb.png,data/A4/plant0294_fg.png,data/A4/plant0294_label.png
train,data/A4/plant0295_rgb.png,data/A4/plant0295_fg.png,data/A4/plant0295_label.png
train,data/A4/plant0297_rgb.png,data/A4/plant0297_fg.png,data/A4/plant0297_label.png
train,data/A4/plant0298_rgb.png,data/A4/plant0298_fg.png,data/A4/plant0298_label.png
train,data/A4/plant0299_rgb.png,data/A4/plant0299_fg.png,data/A4/plant0299_label.png
train,data/A4/plant0301_rgb.png,data/A4/plant0301_fg.png,data/A4/plant0301_label.png
train,data/A4/plant0302_rgb.png,data/A4/plant0302_fg.png,data/A4/plant0302_label.png
train,data/A4/plant0303_rgb.png,data/A4/plant0303_fg.png,data/A4/plant0303_label.png
train,data/A4/plant0304_rgb.png,data/A4/plant0304_fg.png,data/A4/plant0304_label.png
train,data/A4/plant0305_rgb.png,data/A4/plant0305_fg.png,data/A4/plant0305_label.png
train,data/A4/plant0306_rgb.png,data/A4/plant0306_fg.png,data/A4/plant0306_label.png
train,data/A4/plant0307_rgb.png,data/A4/plant0307_fg.png,data/A4/plant0307_label.png
train,data/A4/plant0308_rgb.png,data/A4/plant0308_fg.png,data/A4/plant0308_label.png
train,data/A4/plant0309_rgb.png,data/A4/plant0309_fg.png,data/A4/plant0309_label.png
train,data/A4/plant0311_rgb.png,data/A4/plant0311_fg.png,data/A4/plant0311_label.png
train,data/A4/plant0314_rgb.png,data/A4/plant0314_fg.png,data/A4/plant0314_label.png
train,data/A4/plant0315_rgb.png,data/A4/plant0315_fg.png,data/A4/plant0315_label.png
train,data/A4/plant0316_rgb.png,data/A4/plant0316_fg.png,data/A4/plant0316_label.png
train,data/A4/plant0317_rgb.png,data/A4/plant0317_fg.png,data/A4/plant0317_label.png
train,data/A4/plant0318_rgb.png,data/A4/plant0318_fg.png,data/A4/plant0318_label.png
train,data/A4/plant0319_rgb.png,data/A4/plant0319_fg.png,data/A4/plant0319_label.png
train,data/A4/plant0321_rgb.png,data/A4/plant0321_fg.png,data/A4/plant0321_label.png
train,data/A4/plant0323_rgb.png,data/A4/plant0323_fg.png,data/A4/plant0323_label.png
train,data/A4/plant0325_rgb.png,data/A4/plant0325_fg.png,data/A4/plant0325_label.png
train,data/A4/plant0327_rgb.png,data/A4/plant0327_fg.png,data/A4/plant0327_label.png
train,data/A4/plant0328_rgb.png,data/A4/plant0328_fg.png,data/A4/plant0328_label.png
train,data/A4/plant0329_rgb.png,data/A4/plant0329_fg.png,data/A4/plant0329_label.png
train,data/A4/plant0332_rgb.png,data/A4/plant0332_fg.png,data/A4/plant0332_label.png
train,data/A4/plant0333_rgb.png,data/A4/plant0333_fg.png,data/A4/plant0333_label.png
train,data/A4/plant0334_rgb.png,data/A4/plant0334_fg.png,data/A4/plant0334_label.png
train,data/A4/plant0335_rgb.png,data/A4/plant0335_fg.png,data/A4/plant0335_label.png
train,data/A4/plant0336_rgb.png,data/A4/plant0336_fg.png,data/A4/plant0336_label.png
train,data/A4/plant0337_rgb.png,data/A4/plant0337_fg.png,data/A4/plant0337_label.png
train,data/A4/plant0338_rgb.png,data/A4/plant0338_fg.png,data/A4/plant0338_label.png
train,data/A4/plant0339_rgb.png,data/A4/plant0339_fg.png,data/A4/plant0339_label.png
train,data/A4/plant0341_rgb.png,data/A4/plant0341_fg.png,data/A4/plant0341_label.png
train,data/A4/plant0342_rgb.png,data/A4/plant0342_fg.png,data/A4/plant0342_label.png
train,data/A4/plant0343_rgb.png,data/A4/plant0343_fg.png,data/A4/plant0343_label.png
train,data/A4/plant0344_rgb.png,data/A4/plant0344_fg.png,data/A4/plant0344_label.png
train,data/A4/plant0345_rgb.png,data/A4/plant0345_fg.png,data/A4/plant0345_label.png
train,data/A4/plant0346_rgb.png,data/A4/plant0346_fg.png,data/A4/plant0346_label.png
train,data/A4/plant0347_rgb.png,data/A4/plant0347_fg.png,data/A4/plant0347_label.png
train,data/A4/plant0348_rgb.png,data/A4/plant0348_fg.png,data/A4/plant0348_label.png
train,data/A4/plant0349_rgb.png,data/A4/plant0349_fg.png,data/A4/plant0349_label.png
train,data/A4/plant0351_rgb.png,data/A4/plant0351_fg.png,data/A4/plant0351_label.png
train,data/A4/plant0352_rgb.png,data/A4/plant0352_fg.png,data/A4/plant0352_label.png
train,data/A4/plant0353_rgb.png,data/A4/plant0353_fg.png,data/A4/plant0353_label.png
train,data/A4/plant0354_rgb.png,data/A4/plant0354_fg.png,data/A4/plant0354_label.png
train,data/A4/plant0355_rgb.png,data/A4/plant0355_fg.png,data/A4/plant0355_label.png
train,data/A4/plant0356_rgb.png,data/A4/plant0356_fg.png,data/A4/plant0356_label.png
train,data/A4/plant0357_rgb.png,data/A4/plant0357_fg.png,data/A4/plant0357_label.png
train,data/A4/plant0358_rgb.png,data/A4/plant0358_fg.png,data/A4/plant0358_label.png
train,data/A4/plant0361_rgb.png,data/A4/plant0361_fg.png,data/A4/plant0361_label.png
train,data/A4/plant0362_rgb.png,data/A4/plant0362_fg.png,data/A4/plant0362_label.png
train,data/A4/plant0363_rgb.png,data/A4/plant0363_fg.png,data/A4/plant0363_label.png
train,data/A4/plant0364_rgb.png,data/A4/plant0364_fg.png,data/A4/plant0364_label.png
train,data/A4/plant0365_rgb.png,data/A4/plant0365_fg.png,data/A4/plant0365_label.png
train,data/A4/plant0368_rgb.png,data/A4/plant0368_fg.png,data/A4/plant0368_label.png
train,data/A4/plant0369_rgb.png,data/A4/plant0369_fg.png,data/A4/plant0369_label.png
train,data/A4/plant0371_rgb.png,data/A4/plant0371_fg.png,data/A4/plant0371_label.png
train,data/A4/plant0372_rgb.png,data/A4/plant0372_fg.png,data/A4/plant0372_label.png
train,data/A4/plant0373_rgb.png,data/A4/plant0373_fg.png,data/A4/plant0373_label.png
train,data/A4/plant0374_rgb.png,data/A4/plant0374_fg.png,data/A4/plant0374_label.png
train,data/A4/plant0375_rgb.png,data/A4/plant0375_fg.png,data/A4/plant0375_label.png
train,data/A4/plant0377_rgb.png,data/A4/plant0377_fg.png,data/A4/plant0377_label.png
train,data/A4/plant0378_rgb.png,data/A4/plant0378_fg.png,data/A4/plant0378_label.png
train,data/A4/plant0379_rgb.png,data/A4/plant0379_fg.png,data/A4/plant0379_label.png
train,data/A4/plant0381_rgb.png,data/A4/plant0381_fg.png,data/A4/plant0381_label.png
train,data/A4/plant0382_rgb.png,data/A4/plant0382_fg.png,data/A4/plant0382_label.png
train,data/A4/plant0383_rgb.png,data/A4/plant0383_fg.png,data/A4/plant0383_label.png
train,data/A4/plant0384_rgb.png,data/A4/plant0384_fg.png,data/A4/plant0384_label.png
train,data/A4/plant0385_rgb.png,data/A4/plant0385_fg.png,data/A4/plant0385_label.png
train,data/A4/plant0386_rgb.png,data/A4/plant0386_fg.png,data/A4/plant0386_label.png
train,data/A4/plant0387_rgb.png,data/A4/plant0387_fg.png,data/A4/plant0387_label.png
train,data/A4/plant0388_rgb.png,data/A4/plant0388_fg.png,data/A4/plant0388_label.png
train,data/A4/plant0389_rgb.png,data/A4/plant0389_fg.png,data/A4/plant0389_label.png
train,data/A4/plant0391_rgb.png,data/A4/plant0391_fg.png,data/A4/plant0391_label.png
train,data/A4/plant0392_rgb.png,data/A4/plant0392_fg.png,data/A4/plant0392_label.png
train,data/A4/plant0393_rgb.png,data/A4/plant0393_fg.png,data/A4/plant0393_label.png
train,data/A4/plant0394_rgb.png,data/A4/plant0394_fg.png,data/A4/plant0394_label.png
train,data/A4/plant0395_rgb.png,data/A4/plant0395_fg.png,data/A4/plant0395_label.png
train,data/A4/plant0396_rgb.png,data/A4/plant0396_fg.png,data/A4/plant0396_label.png
train,data/A4/plant0397_rgb.png,data/A4/plant0397_fg.png,data/A4/plant0397_label.png
train,data/A4/plant0398_rgb.png,data/A4/plant0398_fg.png,data/A4/plant0398_label.png
train,data/A4/plant0399_rgb.png,data/A4/plant0399_fg.png,data/A4/plant0399_label.png
train,data/A4/plant0401_rgb.png,data/A4/plant0401_fg.png,data/A4/plant0401_label.png
train,data/A4/plant0402_rgb.png,data/A4/plant0402_fg.png,data/A4/plant0402_label.png
train,data/A4/plant0403_rgb.png,data/A4/plant0403_fg.png,data/A4/plant0403_label.png
train,data/A4/plant0404_rgb.png,data/A4/plant0404_fg.png,data/A4/plant0404_label.png
train,data/A4/plant0406_rgb.png,data/A4/plant0406_fg.png,data/A4/plant0406_label.png
train,data/A4/plant0407_rgb.png,data/A4/plant0407_fg.png,data/A4/plant0407_label.png
train,data/A4/plant0408_rgb.png,data/A4/plant0408_fg.png,data/A4/plant0408_label.png
train,data/A4/plant0409_rgb.png,data/A4/plant0409_fg.png,data/A4/plant0409_label.png
train,data/A4/plant0411_rgb.png,data/A4/plant0411_fg.png,data/A4/plant0411_label.png
train,data/A4/plant0412_rgb.png,data/A4/plant0412_fg.png,data/A4/plant0412_label.png
train,data/A4/plant0414_rgb.png,data/A4/plant0414_fg.png,data/A4/plant0414_label.png
train,data/A4/plant0415_rgb.png,data/A4/plant0415_fg.png,data/A4/plant0415_label.png
train,data/A4/plant0416_rgb.png,data/A4/plant0416_fg.png,data/A4/plant0416_label.png
train,data/A4/plant0417_rgb.png,data/A4/plant0417_fg.png,data/A4/plant0417_label.png
train,data/A4/plant0418_rgb.png,data/A4/plant0418_fg.png,data/A4/plant0418_label.png
train,data/A4/plant0419_rgb.png,data/A4/plant0419_fg.png,data/A4/plant0419_label.png
train,data/A4/plant0423_rgb.png,data/A4/plant0423_fg.png,data/A4/plant0423_label.png
train,data/A4/plant0424_rgb.png,data/A4/plant0424_fg.png,data/A4/plant0424_label.png
train,data/A4/plant0425_rgb.png,data/A4/plant0425_fg.png,data/A4/plant0425_label.png
train,data/A4/plant0426_rgb.png,data/A4/plant0426_fg.png,data/A4/plant0426_label.png
train,data/A4/plant0427_rgb.png,data/A4/plant0427_fg.png,data/A4/plant0427_label.png
train,data/A4/plant0429_rgb.png,data/A4/plant0429_fg.png,data/A4/plant0429_label.png
train,data/A4/plant0431_rgb.png,data/A4/plant0431_fg.png,data/A4/plant0431_label.png
train,data/A4/plant0433_rgb.png,data/A4/plant0433_fg.png,data/A4/plant0433_label.png
train,data/A4/plant0434_rgb.png,data/A4/plant0434_fg.png,data/A4/plant0434_label.png
train,data/A4/plant0435_rgb.png,data/A4/plant0435_fg.png,data/A4/plant0435_label.png
train,data/A4/plant0436_rgb.png,data/A4/plant0436_fg.png,data/A4/plant0436_label.png
train,data/A4/plant0437_rgb.png,data/A4/plant0437_fg.png,data/A4/plant0437_label.png
train,data/A4/plant0438_rgb.png,data/A4/plant0438_fg.png,data/A4/plant0438_label.png
train,data/A4/plant0439_rgb.png,data/A4/plant0439_fg.png,data/A4/plant0439_label.png
train,data/A4/plant0441_rgb.png,data/A4/plant0441_fg.png,data/A4/plant0441_label.png
train,data/A4/plant0443_rgb.png,data/A4/plant0443_fg.png,data/A4/plant0443_label.png
train,data/A4/plant0444_rgb.png,data/A4/plant0444_fg.png,data/A4/plant0444_label.png
train,data/A4/plant0445_rgb.png,data/A4/plant0445_fg.png,data/A4/plant0445_label.png
train,data/A4/plant0446_rgb.png,data/A4/plant0446_fg.png,data/A4/plant0446_label.png
train,data/A4/plant0447_rgb.png,data/A4/plant0447_fg.png,data/A4/plant0447_label.png
train,data/A4/plant0448_rgb.png,data/A4/plant0448_fg.png,data/A4/plant0448_label.png
train,data/A4/plant0449_rgb.png,data/A4/plant0449_fg.png,data/A4/plant0449_label.png
train,data/A4/plant0451_rgb.png,data/A4/plant0451_fg.png,data/A4/plant0451_label.png
train,data/A4/plant0453_rgb.png,data/A4/plant0453_fg.png,data/A4/plant0453_label.png
train,data/A4/plant0455_rgb.png,data/A4/plant0455_fg.png,data/A4/plant0455_label.png
train,data/A4/plant0457_rgb.png,data/A4/plant0457_fg.png,data/A4/plant0457_label.png
train,data/A4/plant0458_rgb.png,data/A4/plant0458_fg.png,data/A4/plant0458_label.png
train,data/A4/plant0459_rgb.png,data/A4/plant0459_fg.png,data/A4/plant0459_label.png
train,data/A4/plant0461_rgb.png,data/A4/plant0461_fg.png,data/A4/plant0461_label.png
train,data/A4/plant0463_rgb.png,data/A4/plant0463_fg.png,data/A4/plant0463_label.png
train,data/A4/plant0464_rgb.png,data/A4/plant0464_fg.png,data/A4/plant0464_label.png
train,data/A4/plant0465_rgb.png,data/A4/plant0465_fg.png,data/A4/plant0465_label.png
train,data/A4/plant0466_rgb.png,data/A4/plant0466_fg.png,data/A4/plant0466_label.png
train,data/A4/plant0467_rgb.png,data/A4/plant0467_fg.png,data/A4/plant0467_label.png
train,data/A4/plant0468_rgb.png,data/A4/plant0468_fg.png,data/A4/plant0468_label.png
train,data/A4/plant0469_rgb.png,data/A4/plant0469_fg.png,data/A4/plant0469_label.png
train,data/A4/plant0471_rgb.png,data/A4/plant0471_fg.png,data/A4/plant0471_label.png
train,data/A4/plant0473_rgb.png,data/A4/plant0473_fg.png,data/A4/plant0473_label.png
train,data/A4/plant0474_rgb.png,data/A4/plant0474_fg.png,data/A4/plant0474_label.png
train,data/A4/plant0475_rgb.png,data/A4/plant0475_fg.png,data/A4/plant0475_label.png
train,data/A4/plant0476_rgb.png,data/A4/plant0476_fg.png,data/A4/plant0476_label.png
train,data/A4/plant0477_rgb.png,data/A4/plant0477_fg.png,data/A4/plant0477_label.png
train,data/A4/plant0478_rgb.png,data/A4/plant0478_fg.png,data/A4/plant0478_label.png
train,data/A4/plant0479_rgb.png,data/A4/plant0479_fg.png,data/A4/plant0479_label.png
train,data/A4/plant0481_rgb.png,data/A4/plant0481_fg.png,data/A4/plant0481_label.png
train,data/A4/plant0483_rgb.png,data/A4/plant0483_fg.png,data/A4/plant0483_label.png
train,data/A4/plant0484_rgb.png,data/A4/plant0484_fg.png,data/A4/plant0484_label.png
train,data/A4/plant0485_rgb.png,data/A4/plant0485_fg.png,data/A4/plant0485_label.png
train,data/A4/plant0486_rgb.png,data/A4/plant0486_fg.png,data/A4/plant0486_label.png
train,data/A4/plant0487_rgb.png,data/A4/plant0487_fg.png,data/A4/plant0487_label.png
train,data/A4/plant0488_rgb.png,data/A4/plant0488_fg.png,data/A4/plant0488_label.png
train,data/A4/plant0491_rgb.png,data/A4/plant0491_fg.png,data/A4/plant0491_label.png
train,data/A4/plant0493_rgb.png,data/A4/plant0493_fg.png,data/A4/plant0493_label.png
train,data/A4/plant0494_rgb.png,data/A4/plant0494_fg.png,data/A4/plant0494_label.png
train,data/A4/plant0497_rgb.png,data/A4/plant0497_fg.png,data/A4/plant0497_label.png
train,data/A4/plant0498_rgb.png,data/A4/plant0498_fg.png,data/A4/plant0498_label.png
train,data/A4/plant0499_rgb.png,data/A4/plant0499_fg.png,data/A4/plant0499_label.png
train,data/A4/plant0501_rgb.png,data/A4/plant0501_fg.png,data/A4/plant0501_label.png
train,data/A4/plant0503_rgb.png,data/A4/plant0503_fg.png,data/A4/plant0503_label.png
train,data/A4/plant0504_rgb.png,data/A4/plant0504_fg.png,data/A4/plant0504_label.png
train,data/A4/plant0505_rgb.png,data/A4/plant0505_fg.png,data/A4/plant0505_label.png
train,data/A4/plant0506_rgb.png,data/A4/plant0506_fg.png,data/A4/plant0506_label.png
train,data/A4/plant0507_rgb.png,data/A4/plant0507_fg.png,data/A4/plant0507_label.png
train,data/A4/plant0508_rgb.png,data/A4/plant0508_fg.png,data/A4/plant0508_label.png
train,data/A4/plant0511_rgb.png,data/A4/plant0511_fg.png,data/A4/plant0511_label.png
train,data/A4/plant0513_rgb.png,data/A4/plant0513_fg.png,data/A4/plant0513_label.png
train,data/A4/plant0514_rgb.png,data/A4/plant0514_fg.png,data/A4/plant0514_label.png
train,data/A4/plant0515_rgb.png,data/A4/plant0515_fg.png,data/A4/plant0515_label.png
train,data/A4/plant0517_rgb.png,data/A4/plant0517_fg.png,data/A4/plant0517_label.png
train,data/A4/plant0518_rgb.png,data/A4/plant0518_fg.png,data/A4/plant0518_label.png
train,data/A4/plant0519_rgb.png,data/A4/plant0519_fg.png,data/A4/plant0519_label.png
train,data/A4/plant0521_rgb.png,data/A4/plant0521_fg.png,data/A4/plant0521_label.png
train,data/A4/plant0526_rgb.png,data/A4/plant0526_fg.png,data/A4/plant0526_label.png
train,data/A4/plant0527_rgb.png,data/A4/plant0527_fg.png,data/A4/plant0527_label.png
train,data/A4/plant0528_rgb.png,data/A4/plant0528_fg.png,data/A4/plant0528_label.png
train,data/A4/plant0529_rgb.png,data/A4/plant0529_fg.png,data/A4/plant0529_label.png
train,data/A4/plant0531_rgb.png,data/A4/plant0531_fg.png,data/A4/plant0531_label.png
train,data/A4/plant0533_rgb.png,data/A4/plant0533_fg.png,data/A4/plant0533_label.png
train,data/A4/plant0534_rgb.png,data/A4/plant0534_fg.png,data/A4/plant0534_label.png
train,data/A4/plant0537_rgb.png,data/A4/plant0537_fg.png,data/A4/plant0537_label.png
train,data/A4/plant0538_rgb.png,data/A4/plant0538_fg.png,data/A4/plant0538_label.png
train,data/A4/plant0541_rgb.png,data/A4/plant0541_fg.png,data/A4/plant0541_label.png
train,data/A4/plant0543_rgb.png,data/A4/plant0543_fg.png,data/A4/plant0543_label.png
train,data/A4/plant0544_rgb.png,data/A4/plant0544_fg.png,data/A4/plant0544_label.png
train,data/A4/plant0546_rgb.png,data/A4/plant0546_fg.png,data/A4/plant0546_label.png
train,data/A4/plant0547_rgb.png,data/A4/plant0547_fg.png,data/A4/plant0547_label.png
train,data/A4/plant0548_rgb.png,data/A4/plant0548_fg.png,data/A4/plant0548_label.png
train,data/A4/plant0549_rgb.png,data/A4/plant0549_fg.png,data/A4/plant0549_label.png
train,data/A4/plant0553_rgb.png,data/A4/plant0553_fg.png,data/A4/plant0553_label.png
train,data/A4/plant0554_rgb.png,data/A4/plant0554_fg.png,data/A4/plant0554_label.png
train,data/A4/plant0555_rgb.png,data/A4/plant0555_fg.png,data/A4/plant0555_label.png
train,data/A4/plant0557_rgb.png,data/A4/plant0557_fg.png,data/A4/plant0557_label.png
train,data/A4/plant0559_rgb.png,data/A4/plant0559_fg.png,data/A4/plant0559_label.png
train,data/A4/plant0561_rgb.png,data/A4/plant0561_fg.png,data/A4/plant0561_label.png
train,data/A4/plant0563_rgb.png,data/A4/plant0563_fg.png,data/A4/plant0563_label.png
train,data/A4/plant0564_rgb.png,data/A4/plant0564_fg.png,data/A4/plant0564_label.png
train,data/A4/plant0565_rgb.png,data/A4/plant0565_fg.png,data/A4/plant0565_label.png
train,data/A4/plant0566_rgb.png,data/A4/plant0566_fg.png,data/A4/plant0566_label.png
train,data/A4/plant0567_rgb.png,data/A4/plant0567_fg.png,data/A4/plant0567_label.png
train,data/A4/plant0568_rgb.png,data/A4/plant0568_fg.png,data/A4/plant0568_label.png
train,data/A4/plant0569_rgb.png,data/A4/plant0569_fg.png,data/A4/plant0569_label.png
train,data/A4/plant0571_rgb.png,data/A4/plant0571_fg.png,data/A4/plant0571_label.png
train,data/A4/plant0573_rgb.png,data/A4/plant0573_fg.png,data/A4/plant0573_label.png
train,data/A4/plant0574_rgb.png,data/A4/plant0574_fg.png,data/A4/plant0574_label.png
train,data/A4/plant0576_rgb.png,data/A4/plant0576_fg.png,data/A4/plant0576_label.png
train,data/A4/plant0577_rgb.png,data/A4/plant0577_fg.png,data/A4/plant0577_label.png
train,data/A4/plant0578_rgb.png,data/A4/plant0578_fg.png,data/A4/plant0578_label.png
train,data/A4/plant0579_rgb.png,data/A4/plant0579_fg.png,data/A4/plant0579_label.png
train,data/A4/plant0581_rgb.png,data/A4/plant0581_fg.png,data/A4/plant0581_label.png
train,data/A4/plant0583_rgb.png,data/A4/plant0583_fg.png,data/A4/plant0583_label.png
train,data/A4/plant0584_rgb.png,data/A4/plant0584_fg.png,data/A4/plant0584_label.png
train,data/A4/plant0586_rgb.png,data/A4/plant0586_fg.png,data/A4/plant0586_label.png
train,data/A4/plant0587_rgb.png,data/A4/plant0587_fg.png,data/A4/plant0587_label.png
train,data/A4/plant0588_rgb.png,data/A4/plant0588_fg.png,data/A4/plant0588_label.png
train,data/A4/plant0589_rgb.png,data/A4/plant0589_fg.png,data/A4/plant0589_label.png
train,data/A4/plant0591_rgb.png,data/A4/plant0591_fg.png,data/A4/plant0591_label.png
train,data/A4/plant0593_rgb.png,data/A4/plant0593_fg.png,data/A4/plant0593_label.png
train,data/A4/plant0594_rgb.png,data/A4/plant0594_fg.png,data/A4/plant0594_label.png
train,data/A4/plant0596_rgb.png,data/A4/plant0596_fg.png,data/A4/plant0596_label.png
train,data/A4/plant0597_rgb.png,data/A4/plant0597_fg.png,data/A4/plant0597_label.png
train,data/A4/plant0598_rgb.png,data/A4/plant0598_fg.png,data/A4/plant0598_label.png
train,data/A4/plant0599_rgb.png,data/A4/plant0599_fg.png,data/A4/plant0599_label.png
train,data/A4/plant0601_rgb.png,data/A4/plant0601_fg.png,data/A4/plant0601_label.png
train,data/A4/plant0603_rgb.png,data/A4/plant0603_fg.png,data/A4/plant0603_label.png
train,data/A4/plant0604_rgb.png,data/A4/plant0604_fg.png,data/A4/plant0604_label.png
train,data/A4/plant0606_rgb.png,data/A4/plant0606_fg.png,data/A4/plant0606_label.png
train,data/A4/plant0607_rgb.png,data/A4/plant0607_fg.png,data/A4/plant0607_label.png
train,data/A4/plant0608_rgb.png,data/A4/plant0608_fg.png,data/A4/plant0608_label.png
train,data/A4/plant0609_rgb.png,data/A4/plant0609_fg.png,data/A4/plant0609_label.png
train,data/A4/plant0611_rgb.png,data/A4/plant0611_fg.png,data/A4/plant0611_label.png
train,data/A4/plant0613_rgb.png,data/A4/plant0613_fg.png,data/A4/plant0613_label.png
train,data/A4/plant0614_rgb.png,data/A4/plant0614_fg.png,data/A4/plant0614_label.png
train,data/A4/plant0616_rgb.png,data/A4/plant0616_fg.png,data/A4/plant0616_label.png
train,data/A4/plant0618_rgb.png,data/A4/plant0618_fg.png,data/A4/plant0618_label.png
train,data/A4/plant0619_rgb.png,data/A4/plant0619_fg.png,data/A4/plant0619_label.png
train,data/A4/plant0621_rgb.png,data/A4/plant0621_fg.png,data/A4/plant0621_label.png
train,data/A4/plant0626_rgb.png,data/A4/plant0626_fg.png,data/A4/plant0626_label.png
train,data/A4/plant0628_rgb.png,data/A4/plant0628_fg.png,data/A4/plant0628_label.png
train,data/A4/plant0629_rgb.png,data/A4/plant0629_fg.png,data/A4/plant0629_label.png
train,data/A4/plant0631_rgb.png,data/A4/plant0631_fg.png,data/A4/plant0631_label.png
train,data/A4/plant0633_rgb.png,data/A4/plant0633_fg.png,data/A4/plant0633_label.png
train,data/A4/plant0634_rgb.png,data/A4/plant0634_fg.png,data/A4/plant0634_label.png
train,data/A4/plant0636_rgb.png,data/A4/plant0636_fg.png,data/A4/plant0636_label.png
train,data/A4/plant0637_rgb.png,data/A4/plant0637_fg.png,data/A4/plant0637_label.png
train,data/A4/plant0643_rgb.png,data/A4/plant0643_fg.png,data/A4/plant0643_label.png
train,data/A4/plant0646_rgb.png,data/A4/plant0646_fg.png,data/A4/plant0646_label.png
train,data/A4/plant0647_rgb.png,data/A4/plant0647_fg.png,data/A4/plant0647_label.png
train,data/A4/plant0651_rgb.png,data/A4/plant0651_fg.png,data/A4/plant0651_label.png
train,data/A4/plant0653_rgb.png,data/A4/plant0653_fg.png,data/A4/plant0653_label.png
train,data/A4/plant0656_rgb.png,data/A4/plant0656_fg.png,data/A4/plant0656_label.png
train,data/A4/plant0657_rgb.png,data/A4/plant0657_fg.png,data/A4/plant0657_label.png
train,data/A4/plant0666_rgb.png,data/A4/plant0666_fg.png,data/A4/plant0666_label.png
train,data/A4/plant0671_rgb.png,data/A4/plant0671_fg.png,data/A4/plant0671_label.png
train,data/A4/plant0691_rgb.png,data/A4/plant0691_fg.png,data/A4/plant0691_label.png
train,data/A4/plant0696_rgb.png,data/A4/plant0696_fg.png,data/A4/plant0696_label.png
train,data/A4/plant0706_rgb.png,data/A4/plant0706_fg.png,data/A4/plant0706_label.png
train,data/A4/plant0711_rgb.png,data/A4/plant0711_fg.png,data/A4/plant0711_label.png
train,data/A4/plant0716_rgb.png,data/A4/plant0716_fg.png,data/A4/plant0716_label.png
train,data/A4/plant0721_rgb.png,data/A4/plant0721_fg.png,data/A4/plant0721_label.png
train,data/A4/plant0723_rgb.png,data/A4/plant0723_fg.png,data/A4/plant0723_label.png
train,data/A4/plant0726_rgb.png,data/A4/plant0726_fg.png,data/A4/plant0726_label.png
train,data/A4/plant0728_rgb.png,data/A4/plant0728_fg.png,data/A4/plant0728_label.png
train,data/A4/plant0731_rgb.png,data/A4/plant0731_fg.png,data/A4/plant0731_label.png
train,data/A4/plant0736_rgb.png,data/A4/plant0736_fg.png,data/A4/plant0736_label.png
train,data/A4/plant0739_rgb.png,data/A4/plant0739_fg.png,data/A4/plant0739_label.png
train,data/A4/plant0741_rgb.png,data/A4/plant0741_fg.png,data/A4/plant0741_label.png
train,data/A4/plant0743_rgb.png,data/A4/plant0743_fg.png,data/A4/plant0743_label.png
train,data/A4/plant0746_rgb.png,data/A4/plant0746_fg.png,data/A4/plant0746_label.png
train,data/A4/plant0748_rgb.png,data/A4/plant0748_fg.png,data/A4/plant0748_label.png
train,data/A4/plant0751_rgb.png,data/A4/plant0751_fg.png,data/A4/plant0751_label.png
train,data/A4/plant0756_rgb.png,data/A4/plant0756_fg.png,data/A4/plant0756_label.png
train,data/A4/plant0759_rgb.png,data/A4/plant0759_fg.png,data/A4/plant0759_label.png
train,data/A4/plant0761_rgb.png,data/A4/plant0761_fg.png,data/A4/plant0761_label.png
train,data/A4/plant0766_rgb.png,data/A4/plant0766_fg.png,data/A4/plant0766_label.png
train,data/A4/plant0768_rgb.png,data/A4/plant0768_fg.png,data/A4/plant0768_label.png
train,data/A4/plant0776_rgb.png,data/A4/plant0776_fg.png,data/A4/plant0776_label.png
train,data/A4/plant0781_rgb.png,data/A4/plant0781_fg.png,data/A4/plant0781_label.png
train,data/A4/plant0788_rgb.png,data/A4/plant0788_fg.png,data/A4/plant0788_label.png
train,data/A4/plant0796_rgb.png,data/A4/plant0796_fg.png,data/A4/plant0796_label.png
train,data/A4/plant0799_rgb.png,data/A4/plant0799_fg.png,data/A4/plant0799_label.png
train,data/A4/plant0806_rgb.png,data/A4/plant0806_fg.png,data/A4/plant0806_label.png
train,data/A4/plant0808_rgb.png,data/A4/plant0808_fg.png,data/A4/plant0808_label.png
train,data/A4/plant0809_rgb.png,data/A4/plant0809_fg.png,data/A4/plant0809_label.png
train,data/A4/plant0814_rgb.png,data/A4/plant0814_fg.png,data/A4/plant0814_label.png
train,data/A4/plant0816_rgb.png,data/A4/plant0816_fg.png,data/A4/plant0816_label.png
train,data/A4/plant0826_rgb.png,data/A4/plant0826_fg.png,data/A4/plant0826_label.png
train,data/A4/plant0836_rgb.png,data/A4/plant0836_fg.png,data/A4/plant0836_label.png
train,data/A4/plant0843_rgb.png,data/A4/plant0843_fg.png,data/A4/plant0843_label.png
train,data/A4/plant0846_rgb.png,data/A4/plant0846_fg.png,data/A4/plant0846_label.png
train,data/A4/plant0854_rgb.png,data/A4/plant0854_fg.png,data/A4/plant0854_label.png
train,data/A4/plant0857_rgb.png,data/A4/plant0857_fg.png,data/A4/plant0857_label.png
dev,data/A1/plant015_rgb.png,data/A1/plant015_fg.png,data/A1/plant015_label.png
dev,data/A1/plant049_rgb.png,data/A1/plant049_fg.png,data/A1/plant049_label.png
dev,data/A1/plant127_rgb.png,data/A1/plant127_fg.png,data/A1/plant127_label.png
dev,data/A1/plant133_rgb.png,data/A1/plant133_fg.png,data/A1/plant133_label.png
dev,data/A1/plant061_rgb.png,data/A1/plant061_fg.png,data/A1/plant061_label.png
dev,data/A2/plant013_rgb.png,data/A2/plant013_fg.png,data/A2/plant013_label.png
dev,data/A3/plant005_rgb.png,data/A3/plant005_fg.png,data/A3/plant005_label.png
dev,data/A4/plant0817_rgb.png,data/A4/plant0817_fg.png,data/A4/plant0817_label.png
dev,data/A4/plant0264_rgb.png,data/A4/plant0264_fg.png,data/A4/plant0264_label.png
dev,data/A4/plant0017_rgb.png,data/A4/plant0017_fg.png,data/A4/plant0017_label.png
dev,data/A4/plant0293_rgb.png,data/A4/plant0293_fg.png,data/A4/plant0293_label.png
dev,data/A4/plant0676_rgb.png,data/A4/plant0676_fg.png,data/A4/plant0676_label.png
dev,data/A4/plant0801_rgb.png,data/A4/plant0801_fg.png,data/A4/plant0801_label.png
dev,data/A4/plant0617_rgb.png,data/A4/plant0617_fg.png,data/A4/plant0617_label.png
dev,data/A4/plant0249_rgb.png,data/A4/plant0249_fg.png,data/A4/plant0249_label.png
dev,data/A4/plant0313_rgb.png,data/A4/plant0313_fg.png,data/A4/plant0313_label.png
dev,data/A4/plant0138_rgb.png,data/A4/plant0138_fg.png,data/A4/plant0138_label.png
dev,data/A4/plant0087_rgb.png,data/A4/plant0087_fg.png,data/A4/plant0087_label.png
dev,data/A4/plant0848_rgb.png,data/A4/plant0848_fg.png,data/A4/plant0848_label.png
dev,data/A4/plant0227_rgb.png,data/A4/plant0227_fg.png,data/A4/plant0227_label.png
dev,data/A4/plant0009_rgb.png,data/A4/plant0009_fg.png,data/A4/plant0009_label.png
dev,data/A4/plant0837_rgb.png,data/A4/plant0837_fg.png,data/A4/plant0837_label.png
dev,data/A4/plant0803_rgb.png,data/A4/plant0803_fg.png,data/A4/plant0803_label.png
dev,data/A4/plant0509_rgb.png,data/A4/plant0509_fg.png,data/A4/plant0509_label.png
dev,data/A4/plant0545_rgb.png,data/A4/plant0545_fg.png,data/A4/plant0545_label.png
dev,data/A4/plant0823_rgb.png,data/A4/plant0823_fg.png,data/A4/plant0823_label.png
dev,data/A4/plant0681_rgb.png,data/A4/plant0681_fg.png,data/A4/plant0681_label.png
dev,data/A4/plant0033_rgb.png,data/A4/plant0033_fg.png,data/A4/plant0033_label.png
dev,data/A4/plant0421_rgb.png,data/A4/plant0421_fg.png,data/A4/plant0421_label.png
dev,data/A4/plant0367_rgb.png,data/A4/plant0367_fg.png,data/A4/plant0367_label.png
dev,data/A4/plant0038_rgb.png,data/A4/plant0038_fg.png,data/A4/plant0038_label.png
dev,data/A4/plant0686_rgb.png,data/A4/plant0686_fg.png,data/A4/plant0686_label.png
dev,data/A4/plant0164_rgb.png,data/A4/plant0164_fg.png,data/A4/plant0164_label.png
dev,data/A4/plant0292_rgb.png,data/A4/plant0292_fg.png,data/A4/plant0292_label.png
dev,data/A4/plant0277_rgb.png,data/A4/plant0277_fg.png,data/A4/plant0277_label.png
test,data/A1/plant141_rgb.png,data/A1/plant141_fg.png,data/A1/plant141_label.png
test,data/A1/plant142_rgb.png,data/A1/plant142_fg.png,data/A1/plant142_label.png
test,data/A1/plant002_rgb.png,data/A1/plant002_fg.png,data/A1/plant002_label.png
test,data/A1/plant100_rgb.png,data/A1/plant100_fg.png,data/A1/plant100_label.png
test,data/A1/plant080_rgb.png,data/A1/plant080_fg.png,data/A1/plant080_label.png
test,data/A1/plant132_rgb.png,data/A1/plant132_fg.png,data/A1/plant132_label.png
test,data/A1/plant073_rgb.png,data/A1/plant073_fg.png,data/A1/plant073_label.png
test,data/A1/plant143_rgb.png,data/A1/plant143_fg.png,data/A1/plant143_label.png
test,data/A1/plant060_rgb.png,data/A1/plant060_fg.png,data/A1/plant060_label.png
test,data/A1/plant079_rgb.png,data/A1/plant079_fg.png,data/A1/plant079_label.png
test,data/A2/plant002_rgb.png,data/A2/plant002_fg.png,data/A2/plant002_label.png
test,data/A2/plant031_rgb.png,data/A2/plant031_fg.png,data/A2/plant031_label.png
test,data/A3/plant001_rgb.png,data/A3/plant001_fg.png,data/A3/plant001_label.png
test,data/A3/plant006_rgb.png,data/A3/plant006_fg.png,data/A3/plant006_label.png
test,data/A4/plant0258_rgb.png,data/A4/plant0258_fg.png,data/A4/plant0258_label.png
test,data/A4/plant0428_rgb.png,data/A4/plant0428_fg.png,data/A4/plant0428_label.png
test,data/A4/plant0048_rgb.png,data/A4/plant0048_fg.png,data/A4/plant0048_label.png
test,data/A4/plant0454_rgb.png,data/A4/plant0454_fg.png,data/A4/plant0454_label.png
test,data/A4/plant0405_rgb.png,data/A4/plant0405_fg.png,data/A4/plant0405_label.png
test,data/A4/plant0489_rgb.png,data/A4/plant0489_fg.png,data/A4/plant0489_label.png
test,data/A4/plant0539_rgb.png,data/A4/plant0539_fg.png,data/A4/plant0539_label.png
test,data/A4/plant0167_rgb.png,data/A4/plant0167_fg.png,data/A4/plant0167_label.png
test,data/A4/plant0331_rgb.png,data/A4/plant0331_fg.png,data/A4/plant0331_label.png
test,data/A4/plant0495_rgb.png,data/A4/plant0495_fg.png,data/A4/plant0495_label.png
test,data/A4/plant0019_rgb.png,data/A4/plant0019_fg.png,data/A4/plant0019_label.png
test,data/A4/plant0359_rgb.png,data/A4/plant0359_fg.png,data/A4/plant0359_label.png
test,data/A4/plant0223_rgb.png,data/A4/plant0223_fg.png,data/A4/plant0223_label.png
test,data/A4/plant0326_rgb.png,data/A4/plant0326_fg.png,data/A4/plant0326_label.png
test,data/A4/plant0279_rgb.png,data/A4/plant0279_fg.png,data/A4/plant0279_label.png
test,data/A4/plant0296_rgb.png,data/A4/plant0296_fg.png,data/A4/plant0296_label.png
test,data/A4/plant0558_rgb.png,data/A4/plant0558_fg.png,data/A4/plant0558_label.png
test,data/A4/plant0175_rgb.png,data/A4/plant0175_fg.png,data/A4/plant0175_label.png
test,data/A4/plant0312_rgb.png,data/A4/plant0312_fg.png,data/A4/plant0312_label.png
test,data/A4/plant0525_rgb.png,data/A4/plant0525_fg.png,data/A4/plant0525_label.png
test,data/A4/plant0071_rgb.png,data/A4/plant0071_fg.png,data/A4/plant0071_label.png
test,data/A4/plant0456_rgb.png,data/A4/plant0456_fg.png,data/A4/plant0456_label.png
test,data/A4/plant0119_rgb.png,data/A4/plant0119_fg.png,data/A4/plant0119_label.png
test,data/A4/plant0324_rgb.png,data/A4/plant0324_fg.png,data/A4/plant0324_label.png
test,data/A4/plant0551_rgb.png,data/A4/plant0551_fg.png,data/A4/plant0551_label.png
test,data/A4/plant0242_rgb.png,data/A4/plant0242_fg.png,data/A4/plant0242_label.png
test,data/A4/plant0523_rgb.png,data/A4/plant0523_fg.png,data/A4/plant0523_label.png
test,data/A4/plant0247_rgb.png,data/A4/plant0247_fg.png,data/A4/plant0247_label.png
test,data/A4/plant0524_rgb.png,data/A4/plant0524_fg.png,data/A4/plant0524_label.png
test,data/A4/plant0623_rgb.png,data/A4/plant0623_fg.png,data/A4/plant0623_label.png
test,data/A4/plant0286_rgb.png,data/A4/plant0286_fg.png,data/A4/plant0286_label.png
test,data/A4/plant0156_rgb.png,data/A4/plant0156_fg.png,data/A4/plant0156_label.png
test,data/A4/plant0413_rgb.png,data/A4/plant0413_fg.png,data/A4/plant0413_label.png
test,data/A4/plant0575_rgb.png,data/A4/plant0575_fg.png,data/A4/plant0575_label.png
test,data/A4/plant0094_rgb.png,data/A4/plant0094_fg.png,data/A4/plant0094_label.png
test,data/A4/plant0322_rgb.png,data/A4/plant0322_fg.png,data/A4/plant0322_label.png
test,data/A4/plant0648_rgb.png,data/A4/plant0648_fg.png,data/A4/plant0648_label.png
test,data/A4/plant0779_rgb.png,data/A4/plant0779_fg.png,data/A4/plant0779_label.png
test,data/A4/plant0020_rgb.png,data/A4/plant0020_fg.png,data/A4/plant0020_label.png
test,data/A4/plant0661_rgb.png,data/A4/plant0661_fg.png,data/A4/plant0661_label.png
test,data/A4/plant0376_rgb.png,data/A4/plant0376_fg.png,data/A4/plant0376_label.png
test,data/A4/plant0276_rgb.png,data/A4/plant0276_fg.png,data/A4/plant0276_label.png
test,data/A4/plant0074_rgb.png,data/A4/plant0074_fg.png,data/A4/plant0074_label.png
test,data/A4/plant0641_rgb.png,data/A4/plant0641_fg.png,data/A4/plant0641_label.png
test,data/A4/plant0701_rgb.png,data/A4/plant0701_fg.png,data/A4/plant0701_label.png
test,data/A4/plant0069_rgb.png,data/A4/plant0069_fg.png,data/A4/plant0069_label.png
test,data/A4/plant0535_rgb.png,data/A4/plant0535_fg.png,data/A4/plant0535_label.png
test,data/A4/plant0179_rgb.png,data/A4/plant0179_fg.png,data/A4/plant0179_label.png
test,data/A4/plant0366_rgb.png,data/A4/plant0366_fg.png,data/A4/plant0366_label.png
